{
  "training_summary": {
    "total_episodes": 50,
    "total_training_time": 2928.3940465450287,
    "final_epsilon": 0.3641696800871167,
    "final_reward": -176.49015625000015,
    "best_reward": -171.41010000000006,
    "average_reward_last_10": -183.36810795138894
  },
  "performance_metrics": {
    "final_cpu_utilization": 0.012110726643598616,
    "final_response_time": 50.00007136678201,
    "final_oscillation_rate": 0.04529616724738676,
    "average_resources": 7.483875432525951
  },
  "full_metrics": {
    "episode_rewards": [
      -202.36010000000022,
      -204.1800694444448,
      -212.66006023242596,
      -201.94015625000026,
      -202.29012812500008,
      -192.14009999999996,
      -189.9800694444445,
      -199.45009999999996,
      -204.95012812500033,
      -198.6700694444444,
      -202.64010000000022,
      -199.82012812500017,
      -202.3501562499997,
      -193.46006944444457,
      -221.34009999999975,
      -198.32010000000014,
      -185.18012812500018,
      -187.98006023242655,
      -197.35010000000014,
      -189.78009999999998,
      -188.5901000000003,
      -182.3601000000002,
      -196.5800602324263,
      -194.92008472222224,
      -178.84015625000006,
      -184.25021701388897,
      -177.40010000000007,
      -194.86010000000016,
      -189.900128125,
      -186.21010000000015,
      -197.55008472222204,
      -180.59006944444465,
      -177.68010000000018,
      -191.14015625000033,
      -185.76008472222208,
      -181.47010000000012,
      -183.08009999999987,
      -180.84015625,
      -171.41010000000006,
      -174.77015624999999,
      -199.29009999999988,
      -176.3000847222223,
      -178.14010000000027,
      -186.40008472222237,
      -184.15012812500024,
      -197.87008472222183,
      -173.81010000000018,
      -184.04015625000002,
      -177.19008472222225,
      -176.49015625000015
    ],
    "episode_lengths": [
      288,
      288,
      288,
      288,
      288,
      288,
      288,
      288,
      288,
      288,
      288,
      288,
      288,
      288,
      288,
      288,
      288,
      288,
      288,
      288,
      288,
      288,
      288,
      288,
      288,
      288,
      288,
      288,
      288,
      288,
      288,
      288,
      288,
      288,
      288,
      288,
      288,
      288,
      288,
      288,
      288,
      288,
      288,
      288,
      288,
      288,
      288,
      288,
      288,
      288
    ],
    "epsilon_values": [
      0.98,
      0.9603999999999999,
      0.9411919999999999,
      0.9223681599999999,
      0.9039207967999998,
      0.8858423808639998,
      0.8681255332467198,
      0.8507630225817854,
      0.8337477621301497,
      0.8170728068875467,
      0.8007313507497957,
      0.7847167237347998,
      0.7690223892601038,
      0.7536419414749017,
      0.7385691026454037,
      0.7237977205924956,
      0.7093217661806457,
      0.6951353308570327,
      0.6812326242398921,
      0.6676079717550942,
      0.6542558123199923,
      0.6411706960735924,
      0.6283472821521205,
      0.6157803365090782,
      0.6034647297788965,
      0.5913954351833186,
      0.5795675264796523,
      0.5679761759500592,
      0.5566166524310581,
      0.5454843193824369,
      0.5345746329947881,
      0.5238831403348924,
      0.5134054775281945,
      0.5031373679776306,
      0.493074620618078,
      0.48321312820571644,
      0.4735488656416021,
      0.46407788832877006,
      0.45479633056219465,
      0.44570040395095073,
      0.4367863958719317,
      0.42805066795449304,
      0.41948965459540316,
      0.4110998615034951,
      0.4028778642734252,
      0.39482030698795667,
      0.38692390084819756,
      0.3791854228312336,
      0.37160171437460887,
      0.3641696800871167
    ],
    "training_times": [
      49.33669829368591,
      49.0149827003479,
      50.62982225418091,
      50.77342367172241,
      52.77969980239868,
      59.05568313598633,
      54.665117025375366,
      57.73819637298584,
      55.20991849899292,
      54.11031627655029,
      53.99528169631958,
      58.49569082260132,
      55.89675951004028,
      57.78371739387512,
      56.092074394226074,
      55.203686237335205,
      58.099509477615356,
      56.69285225868225,
      60.28165912628174,
      59.57471561431885,
      50.90101194381714,
      50.72757649421692,
      52.51623010635376,
      52.679149866104126,
      52.842774391174316,
      52.30952167510986,
      52.989312410354614,
      56.44949531555176,
      61.28990459442139,
      63.18322253227234,
      64.23008227348328,
      74.18202233314514,
      61.93049597740173,
      63.6198365688324,
      69.555579662323,
      68.019606590271,
      62.86275863647461,
      58.39148163795471,
      64.38612985610962,
      58.88845157623291,
      62.31725549697876,
      67.60862493515015,
      58.09918928146362,
      55.976977586746216,
      67.96736192703247,
      61.30096459388733,
      58.37359356880188,
      66.11469674110413,
      65.85731339454651,
      67.39362001419067
    ]
  }
}