{
  "training_info": {
    "sequence_length": 24,
    "prediction_steps": 12,
    "training_duration": 431.8440132141113,
    "total_epochs": 28,
    "model_size_mb": 0.0635833740234375
  },
  "final_metrics": {
    "mae": 0.066814137369656,
    "mse": 0.01026956154336491,
    "rmse": 0.10133884518468182,
    "r2": 0.7610700859571168,
    "mape": 29.445472973657914,
    "directional_accuracy": 59.92883960985902
  },
  "training_history": {
    "loss": [
      0.0049955714493989944,
      0.003603947116062045,
      0.0034299339167773724,
      0.003419667948037386,
      0.003419816493988037,
      0.00334879825823009,
      0.0032751946710050106,
      0.0032491807360202074,
      0.0032485572155565023,
      0.0032160934060811996,
      0.003209216520190239,
      0.003169019240885973,
      0.0031541308853775263,
      0.0031738432589918375,
      0.0031647079158574343,
      0.0031517543829977512,
      0.003152102930471301,
      0.003150800010189414,
      0.0031269858591258526,
      0.003114410676062107,
      0.0031289381440728903,
      0.003111471887677908,
      0.0031186523847281933,
      0.003113756189122796,
      0.003110409015789628,
      0.0031114264857023954,
      0.0031078350730240345,
      0.003106414806097746
    ],
    "val_loss": [
      0.005069585517048836,
      0.005187117028981447,
      0.005051631946116686,
      0.005424567963927984,
      0.0050635081715881824,
      0.0052787866443395615,
      0.004989581182599068,
      0.004989420995116234,
      0.005040375050157309,
      0.005010236985981464,
      0.005034643691033125,
      0.00508547481149435,
      0.0049822647124528885,
      0.00495842844247818,
      0.00500307185575366,
      0.00493161054328084,
      0.005132353864610195,
      0.004922516644001007,
      0.004924851935356855,
      0.004980848170816898,
      0.005009714048355818,
      0.004946556407958269,
      0.004969493485987186,
      0.004980596248060465,
      0.004964323248714209,
      0.004960858263075352,
      0.004953801166266203,
      0.004961636383086443
    ],
    "mae": [
      0.035299431532621384,
      0.02916192077100277,
      0.028479045256972313,
      0.028674853965640068,
      0.02855767495930195,
      0.02747988887131214,
      0.026224222034215927,
      0.02591763623058796,
      0.02594529651105404,
      0.025547858327627182,
      0.025485463440418243,
      0.025022249668836594,
      0.024960022419691086,
      0.024958888068795204,
      0.02495168149471283,
      0.02485775388777256,
      0.02484319359064102,
      0.02489623986184597,
      0.024734841659665108,
      0.024571022018790245,
      0.02458147332072258,
      0.02449376881122589,
      0.024526847526431084,
      0.02449585683643818,
      0.024414120241999626,
      0.024422144517302513,
      0.02437698282301426,
      0.02438022382557392
    ],
    "val_mae": [
      0.03170200064778328,
      0.034820325672626495,
      0.03300938755273819,
      0.03608297184109688,
      0.036760296672582626,
      0.03561088815331459,
      0.03193831071257591,
      0.03204721212387085,
      0.03204895928502083,
      0.03344117850065231,
      0.03130357712507248,
      0.03337163105607033,
      0.0323922373354435,
      0.031203357502818108,
      0.0321776382625103,
      0.03308381885290146,
      0.03372238576412201,
      0.03190505504608154,
      0.0312739834189415,
      0.03196903318166733,
      0.032610319554805756,
      0.031733255833387375,
      0.03209637477993965,
      0.03175009414553642,
      0.031606901437044144,
      0.03150203078985214,
      0.03186483681201935,
      0.0315963514149189
    ]
  },
  "best_performance": {
    "best_val_loss": 0.004922516644001007,
    "best_val_loss_epoch": 18,
    "best_val_mae": 0.031203357502818108,
    "best_val_mae_epoch": 14
  }
}